{"c7t1": {"matrix": [[1.0, 1.6213277673437502e-17, -2.5237563798352674e-18], [-1.6213277673437502e-17, 0.9526864290237427, -0.3039548695087433], [-2.5237563798352674e-18, 0.3039548695087433, 0.9526864290237427]], "matrix_local": [[1.0, 1.6213277673437502e-17, -2.5237563798352674e-18, 2.346794777618685e-16], [-1.6213277673437502e-17, 0.9526864290237427, -0.3039548695087433, -12.263096809387207], [-2.5237563798352674e-18, 0.3039548695087433, 0.9526864290237427, -1.5207327604293823], [0.0, 0.0, 0.0, 1.0]], "head": [2.346794777618685e-16, -12.263096809387207, -1.5207327604293823], "tail": [2.6401442571699185e-16, -10.539385795593262, -0.9707822799682617], "tail_local": [2.6401442571699185e-16, -10.539385795593262, -0.9707822799682617], "parent": null, "length": 1.8093162775039673}, "c6c7": {"matrix": [[1.0, -4.471044883236103e-17, 5.522594845503628e-18], [4.4407565070546165e-17, 0.9989322423934937, 0.046199601143598557], [-7.5823031084918e-18, -0.046199601143598557, 0.9989322423934937]], "matrix_local": [[1.0, -2.839788797872124e-17, 3.750579999561399e-18, 2.6401442571699185e-16], [2.839788466999879e-17, 0.9657118320465088, -0.25961658358573914, -10.539385795593262], [3.750582481103237e-18, 0.25961658358573914, 0.9657118320465088, -0.9707822799682617], [0.0, 0.0, 0.0, 1.0]], "head": [0.0, 0.0, 0.0], "tail": [-7.389720572638429e-17, 1.65103018283844, -0.07635846734046936], "tail_local": [2.1707854339950795e-16, -8.943262100219727, -0.5416892766952515], "parent": "c7t1", "length": 1.6527949571609497}, "c5c6": {"matrix": [[1.0, 2.4901536150163726e-17, -2.3479441037207967e-18], [-2.4804845354001177e-17, 0.9993954300880432, 0.03476875647902489], [3.212319926493037e-18, -0.03476875647902489, 0.9993953704833984]], "matrix_local": [[1.0, -3.609585823380817e-18, 4.1300879830588906e-19, 2.1707854339950795e-16], [3.609580033116529e-18, 0.974154531955719, -0.22588300704956055, -8.943262100219727], [4.1300879830588906e-19, 0.22588300704956055, 0.9741544723510742, -0.5416892766952515], [0.0, 0.0, 0.0, 1.0]], "head": [0.0, 0.0, 0.0], "tail": [4.04748473447261e-17, 1.6244128942489624, -0.0565129816532135], "tail_local": [2.1121154322057144e-16, -7.359875679016113, -0.17454001307487488], "parent": "c6c7", "length": 1.6253955364227295}, "c4c5": {"matrix": [[1.0, 0.0, -2.3841856489070778e-07], [2.617612615551934e-08, 0.9939547181129456, 0.1097906306385994], [2.3697727158378257e-07, -0.1097906306385994, 0.9939547181129456]], "matrix_local": [[1.0, -3.6331091856406e-18, -2.3841856489070778e-07, 2.1121154322057144e-16], [-2.8029546683683293e-08, 0.9930652976036072, -0.11756443977355957, -7.359875679016113], [2.367652029988676e-07, 0.11756444722414017, 0.9930652379989624, -0.17454004287719727], [0.0, 0.0, 0.0, 1.0]], "head": [0.0, 0.0, 0.0], "tail": [-5.624558504480896e-18, 1.6714284420013428, -0.18462328612804413], "tail_local": [1.9947756933247801e-16, -5.689942836761475, 0.023155659437179565], "parent": "c5c6", "length": 1.6815941333770752}, "c3c4": {"matrix": [[1.0, -6.529491258788767e-08, 2.2930326792902633e-07], [7.105427357601002e-15, 0.9617676734924316, 0.2738666832447052], [-2.3841856489070778e-07, -0.2738666832447052, 0.9617676734924316]], "matrix_local": [[1.0, -1.4210854715202004e-14, 0.0, 2.0510213280004259e-16], [5.329070518200751e-15, 0.9872950911521912, 0.15889781713485718, -5.689942836761475], [1.4210854715202004e-14, -0.1588977873325348, 0.9872950315475464, 0.02315564453601837], [0.0, 0.0, 0.0, 1.0]], "head": [0.0, 0.0, 0.0], "tail": [-1.0483783796644275e-07, 1.5442191362380981, -0.4397217631340027], "tail_local": [1.877435954443846e-16, -4.104736804962158, -0.23197147250175476], "parent": "c4c5", "length": 1.6056052446365356}, "c2c3": {"matrix": [[1.0, 1.3505386384422315e-14, -4.215272591021708e-15], [-1.4147924402385745e-14, 0.9548943042755127, -0.2969459295272827], [1.477056053422049e-17, 0.2969459295272827, 0.9548943042755127]], "matrix_local": [[1.0, -6.447784201089185e-17, 4.582871761119392e-18, -2.261192060958213e-14], [-8.636758741184265e-15, 0.9899464845657349, -0.14144262671470642, -4.104736804962158], [1.6473511804345788e-14, 0.1414426565170288, 0.9899464249610901, -0.23197148740291595], [0.0, 0.0, 0.0, 1.0]], "head": [0.0, 0.0, 0.0], "tail": [1.9662011480222306e-14, 1.390196681022644, 0.4323130249977112], "tail_local": [9.38718043396372e-17, -2.663508892059326, -0.026050187647342682], "parent": "c3c4", "length": 1.455864429473877}, "c1c2": {"matrix": [[1.0, 5.316939133659163e-18, 1.0627609065455787e-17], [-8.345355716876042e-18, 0.9508907198905945, 0.30952659249305725], [-8.459961590745264e-18, -0.30952659249305725, 0.9508907794952393]], "matrix_local": [[1.0, -5.741296519097035e-17, -4.9721872115496184e-18, -2.270579218892864e-14], [-8.643822995964365e-15, 0.9851111769676208, 0.17191825807094574, -2.663508892059326], [1.6463955578634865e-14, -0.17191824316978455, 0.9851111769676208, -0.026050150394439697], [0.0, 0.0, 0.0, 1.0]], "head": [0.0, 0.0, 0.0], "tail": [7.606675985240675e-18, 1.36039137840271, -0.4428240656852722], "tail_local": [1.1733974715274037e-17, -1.2541600465774536, -0.2720049023628235], "parent": "c2c3", "length": 1.4306495189666748}, "oc1": {"matrix": [[1.0, 2.0770961784904654e-17, -8.315610963793125e-17], [-7.834711316711946e-17, -0.17191825807094574, -0.9851111769676208], [-3.475776207128625e-17, 0.9851111769676208, -0.17191815376281738]], "matrix_local": [[1.0, 2.5743141138238453e-17, -2.5743144446960904e-17, -2.2787930667889783e-14], [-8.726979608528109e-15, 0.0, -0.9999998807907104, -1.2541600465774536], [1.6443184636702295e-14, 0.9999998807907104, 8.940696716308594e-08, -0.2720049023628235], [0.0, 0.0, 0.0, 1.0]], "head": [0.0, 0.0, 0.0], "tail": [2.1703961958860366e-16, -1.796405553817749, 10.293608665466309], "tail_local": [2.8072882098604255e-16, -1.2541600465774536, 10.177178382873535], "parent": "c1c2", "length": 10.44918441772461}}